{"cameraMode":{"drawMode":0,"name":"Shaded","section":"Shading Mode"},"sceneLighting":false,"audioPlay":false,"sceneViewState":{"m_AlwaysRefresh":false,"showFog":true,"showSkybox":true,"showFlares":true,"showImageEffects":true,"showParticleSystems":true,"showVisualEffectGraphs":true,"m_FxEnabled":true},"in2DMode":false,"pivot":{"x":274.6993713378906,"y":152.53134155273438,"z":96.63966369628906},"rotation":{"x":-0.16361570358276368,"y":0.10543559491634369,"z":-0.017590736970305444,"w":-0.9807202219963074},"size":408.5339050292969,"orthographic":false}