{"cameraMode":{"drawMode":0,"name":"Shaded","section":"Shading Mode"},"sceneLighting":false,"audioPlay":false,"sceneViewState":{"m_AlwaysRefresh":false,"showFog":true,"showSkybox":false,"showFlares":true,"showImageEffects":true,"showParticleSystems":true,"showVisualEffectGraphs":true,"m_FxEnabled":true},"in2DMode":false,"pivot":{"x":-3.0699996948242189,"y":1.0000004768371583,"z":2.2948145866394045},"rotation":{"x":0.7279912829399109,"y":0.003085094504058361,"z":-0.0032759830355644228,"w":0.6855717897415161},"size":1.6583123207092286,"orthographic":false}